", first of all,","TP-EUFRLD",4
", first of all,","TP*-EUFRLD",4
", for lack of a better term,","TPHR*-ERPL",27
", for lack of a better word, ","TPHRO*-RD",13
", furthermore,","TP*-URPLTD",23
", I think,","#*-EU7BG",1
", if any,","TP-FRPBD",6
", in a nutshell, ","TPHA*-URBLT",10
", in a nutshell, ","TPHA*-URBLTD",0
", in other words,","TPHO-ERDZ",307
", in short,","STPHO*-RT",66
", isn't it, ","ST*-EUPBTD",38
", isn't it,","ST*-EUPBD",4
", kind of,","KAO*-EUFD",44
", more or less, ","PHO-ERLSZ",17
", moreover, ","PHO*-EFRD",95
", namely, ","TPHA*-EUPLD",78
", on the contrary,","KRA-ERD",7
", so","SWO-B",11
", so to speak,","STO*-PS",25
", Texas,","T*-BGSZ",17
", to my knowledge, ","T*-EUPBLGD",7
", to your knowledge, ","T*-URPBLGD",18
", you know,","A*-URB",0
", you know, ","A*-UP",13
",000{@DOLLAR(ASIS)}","THO*-UDZ",89
".  Correct?{A}","KR*-EBGTD/-FRPBLGTS",88
".^ iPhone","P-P/AO-EUFPB",1
".{A}","*-FRPBLGTS",21
"?{Q}Yes","STKPWHR-E",117
"?<>A.>I think we did.<>Q.>When was that?<>A.>","'-FRPBLGTS/*-EUPBG/W-ERPLS/STKPWHR/WHA-FS/THA/-FRPBLGTS",0
"[","PWRA*-BGT",4
"[2051|the contract]","#KR-9",14
"[2052|the cell]","#KR-8",6
"[2072|the ideal]","#KWR-8",9
"[4800|the holy]","#40-E8",0
"[the hole|408]","#40-8",0
"[you don't answer|the onset]","TKWRO-PBS",4
"{A}","'-FRPBGTS",208
"{A}","'-FPBLGT",29
"{A}","'-FPBLTS",22
"{A}","'-FRPBLTS",178
"{A}All right.  ","HR-FRPBLGTS",85
"{A}Correct.  ","KR-FRPBLGTS",453
"{A}Huh-huh.  ","#4*-6R7B8G9S",25
"{A}I don't know.  ","KWRO*-FRPBLGTS",16
"{A}No, I did not","TKPH*-FRPBLGTS",19
"{A}No, I didn't","TKPH-FRPBLGTS",41
"{A}Okay.  ","K-FRPBLGTS",372
"{A}Right.  ","R-FRPBLGTS",313
"{A}That is correct.  ","TKR-FRPBLGTS",10
"{A}That's correct.  ","TKR*-FRPBLGTS",23
"{A}Uh-huh.  ","#4-6R7B8G9S",105
"{A}Yes, I did","TKWR-FRPBLGTS",31
"{A}Yes, I do","KWRAO-FRPBLGTS",72
"{A}Yes, ma'am,","KWR*-FRPBLGTS",55
"{Q}All right, sir.  ","STKPWHR-RTS",50
"{Q}All right.  ","STKPWHR*-RT",129
"{Q}All right.","STKPWHRAO*-R",22
"{Q}All right.  ","STKPWHR-RT",348
"--{Q}All right.{A}--","TA-EURB/STKPWHRAO/HR*-RT/-EUFRPBLGTS/TKA-EURB",0
"{Q}Correct.  ","STKPWHR-RBG",28
"{Q}Did he ever","SPWHR*-EFR",0
"{Q}Did he have","SPWHR*-EF",6
"{Q}Did he have a","#13W4R*-E6",2
"{Q}Did he have the","SPWHR*-EFT",2
"{Q}Did you ever","SPWHR*-UFR",13
"{Q}Did you have","SPWHR*-UF",2
"{Q}Did you have","SPWHR*-UFT",0
"{Q}Did you have a","#13W4R*-U6",1
"{Q}Do","SPWHRAO",3
"{Q}Do you","SPWHRAO-U",6
"{Q}Do you agree","STKPWHRAO-URG",2
"{Q}Do you agree","SPWHRAO-URG",0
"{Q}Do you believe","SPWHRAO-UBL",1
"{Q}Do you have any","STKPWHRAO*-UFSZ",10
"{Q}Do you have anything","STKPWHRAO*-UFGSZ",2
"{Q}Do you recall","SPWHRAO-URL",3
"{Q}Do you recognize","STKPWHRAO*-URGZ",22
"{Q}Do you recognize","SPWHRAO*-URGZ",4
"{Q}Do you recognize this document","STKPWHRAO*-URGDZ",16
"{Q}Do you recognize this document","SPWHRAO*-URGDZ",1
"{Q}Do you remember","SPWHRAO-URPL",3
"{Q}Do you see","STKPWHRAO-UZ",9
"{Q}Do you see","SPWHRAO-UZ",2
"{Q}Do you think","STKPWHRAO*-UPBG",12
"{Q}Do you think","SPWHRAO*-UPBG",0
"{Q}Okay.  ","STKPWHR-BG",1803
"{Q}What","STKPWHR-FB",16
"{Q}What","STKPWHA",24
"{Q}What are","STKPWHA-R",2
"{Q}What do","STKPWHA-RPBLGS",6
"{Q}What does","STKPWHA-DZ",0
"{Q}What is","STKPWHR-FBS",5
"{Q}What was","STKPWHA-FS",5
"{Q}What was the","STKPWHA-FTS",0
"{Q}Where","STKPWR",601
"{Q}Who","STKPWHO",17
"{Q}Who are","STKPWHO-R",16
"{Q}Who are the","STKPWHO-RT",14
"{Q}Who is","STKPWHO-S",14
"{Q}Who is the","STKPWHO*-S",11
"{Q}Who was","STKPWHO-FS",4
"{Q}Who were","STKPWHO-RP",12
"{Q}Who were the","STKPWHO-RPT",6
"<>Q.>All right.","STKPWHR*-RTS",11
"<>Q.>Okay.","STKPWHRO-BG",9
"<P1:","SKWRAO",42
"<P4:","'-EURBGS",49
"1,174,000","W-UPB/PH-EUL/W-B/WH-UPB/H-UPB/S-EFT/TPO-UR/THO-U",0
"30(b)(6)","THO-EUB",17
"401(k)","TPO-EUBG",27
"401(k)'s","TPO-EUBGZ",2
"500","TPAO-EUF/H-UPB",2
"a couple guys","KPHRA-GZ",24
"a couple more","KPHRA-RPL",34
"a couple nights ago","KPHRA-PBGTS",8
"a couple of guys","KPHRA-FGZ",37
"a couple of nights ago","KPHRA-FPBGTS",3
"a couple of people","KPHRA-FP",2
"a couple of things","KPHRA*-FRLGZ",44
"a couple of weeks ago","KPHRA-FBGZ",7
"a couple of you","KPHRA-UF",9
"a couple people","KPHRA-PL",26
"a couple things","KPHRA-FRLGZ",46
"a job related to your","A-EU/SKWRO-B/RA-ELTD/TO*-RBG",0
"a little","A-EUGTS",1
"a matter of","SPHO-F",2
"a team","A-EU/TAO-EPL",9
"Aaron","AO*-RPB",49
"abnormalities","A-B/TPHO-RPLTS",0
"abortion","PWAO-RGS",25
"abortions","PWAO-RGSZ",0
"abracadabra","A-B/RA/-P",7
"absentee","A-EBT/AO-E",0
"absentees","A*-EBTS",0
"abuse","PWAO-UZ",0
"Act of Union with","A-BGT/-F/AO-UPB/W",0
"actus reus","A-BGT/-US/RA-EUS",40
"actus reus","A*-BGTS/RA-EUS",79
"Adderall","A-D/RA-L",13
"adjust","SKWRA-UFT",47
"adjusted","SKWRA-UFTD",43
"adjuster","SKWRA-UFRT",5
"adjusters","SKWRA-UFRTS",6
"adjusting","SKWRA-UFGT",23
"adjustment","SKWRA-UFPLT",26
"adjustments","SKWRA-UFPLTS",21
"adjusts","SKWRA-UFTS",1
"advancement in Asia and Europe","SRA-PBS/-PLT/TPH/SKPAO-URP",0
"after I feel","STP-EUFL",7
"after the accident","STP-BGS",182
"after the accident happened","STP-PBGS",20
"after we left","STPW*-EFLT",0
"agile","A/SKWRAO-EUL",1
"agreed-upon date","TKPWRA-ED/PO-PB/TKA-EUT",2
"agreed-upon price","TKPWRA-ED/PO-PB/PRAO-EUS",1
"agricultural","TKPWR-URLT",31
"agriculturally","TKPWR*-URLTD",0
"agriculturally","TKPWR*-ULT",0
"agriculturally","TKPWR*-URLT",13
"albino","A*-L/PWAO-EPB",4
"albino","A*-L/PWAO-EPB/O-E",0
"albino","A*-L/PWAO-EUPB",2
"algebraist","PWRA*-LGS",8
"algebraists","PWRA*-LGSZ",0
"all of what","A-UFB",10
"all of what is","A-UFBS",7
"allergist","A*-RLGS",25
"allergists","A*-RLGSZ",1
"alleys","A*-ELZ",45
"allocating","AO*-BLGT",8
"along the lines","HRAO-LTS",17
"along the lines of","HRAO-FLTS",15
"along those lines","HRO-ELTS",12
"altruism","TRAO*-UFPL",8
"altruistic","TRAO*-UFBG",20
"altruistically","TRAO*-UFBLG",0
"am I correct","PHAO-EURBGT",13
"am I right","PHAO-EURT",26
"amalgamation","PHA-LG/PHA-EUGS",1
"American Lawyer Media","PH-ERPB/HRA-UR/PHA-ED",0
"amputating","A-FRPGT",9
"an age-appropriate","A-PB/A-EUPBLG/PRO-EP",0
"and anyone","SKP-FRPBL",11
"and bad","SKPWA-D",1
"and he told her that he would kill her.<>Q.","SKP/-E/TO-LD/H-ER/THA/-ED/K-EUL/H-ER",0
"and so on and so forth","SKPO*-S/-P",24
"and unluckily","SKPHRA*-UBLG",0
"and wanted","SKP/-PD",1
"Andrew Yang","A-URPBD/KWRA-PBG",4
"annihilation","TPHA-ELGS",17
"annihilations","TPHA-ELGSZ",0
"antidepressants","TKPWRA-EFPBTS",0
"antidepressants","TKPRA-EFPBS",0
"antidepressants","TKPRA-EFBTS",0
"antiquity","A-PB/T-EUBG/W-EUT/AO-E",0
"antitheses","A*-PBT/S-EUSZ",0
"antithesis","A*-PBT/S-EUS",3
"apparently","PA-ERPBLT",80
"appearing on behalf of","PWHAO-FG",12
"applicant","PHR-EUBGT",27
"application","PHRA-EBGZ",34
"applications","PHRA-EBGSZ",0
"apportionments","PAO-RPLT",0
"apprentice","PRA-EPBT",20
"apprentices","PRA-EPBTS",3
"apprenticeship","PRA*-EPS",6
"apprenticeship","PRA*-EP",14
"apprenticeships","PRA*-EPSZ",1
"apprenticeships","PRA*-EPZ",0
"Aquaphalt","KWA-E/TPA-ULT",0
"Aquarian","A/KWA-EURPB",5
"are you currently","R*-UPBL",8
"are you employed","R*-UPLD",22
"Argentinean","A-ERPBLGT",24
"Argentineans","A-ERPBLGTS",0
"argumentation","A*-RGS",28
"argumentations","A*-RGSZ",1
"Aristotelian","A-EUR/STO-LGTS/KWRA-PB",13
"artsy-fartsy","A-RT/S-EU/TPA-RT/S-EU",0
"as a result of the","SA-FRLTD",23
"as-needed basis","A-Z/-FRBD/PWA-EUSZ",5
"asses","SA*-SZ",5
"assignment","S*-PBT",74
"assignments","S*-PBTS",36
"assimilation","SA*-EUPLGS",3
"assimilations","SA*-EUPLGSZ",2
"associate's degree","A*-GD",12
"associate's degrees","A*-GDZ",1
"astronomical","STRO-BLG",5
"astronomically","STRO*-BLG",7
"asymmetries","SPHA-ERPLTS",2
"asymmetry","SPHA-ERPLT",16
"at gunpoint","TKPWO*-EUPT",2
"at gunpoint","TKPWO-EUPLTD",1
"at gunpoint","TKPWO-EUPTD",15
"at knifepoint","TPHO-EUFPTD",29
"at one point in time","TW-UPTD",7
"at some point in time","SPO*-EUPTD",32
"at some point in time","SPO-EUPTD",0
"at that point in time","TA*-PTD",35
"at the beginning","T*-EG",34
"at the point in time","T*-EPTD",8
"at this point in time","T*-EUPTD",19
"Atlanta","THRA-PBT",66
"Atlantis","THRA-PBTS",6
"audio sync","KWRA-UD/S*-EUPBG",0
"Augustinian","A-UG/ST*-EUPB",14
"aurora borealis","RA-UR/-P",12
"aurora borealis","RA*-UR/-P",0
"authorization","THO*-RGS",1
"authorizations","THO*-RGSZ",0
"authorize","THO*-RZ",26
"authorize","THO*-RSZ",9
"authorized","THO*-RDZ",47
"authorizing","THO*-RGZ",20
"authors","THO-RZ",47
"authors","THO-RSZ",4
"AutoCAD","AO/KA*-D",2
"automatism","AO-T/-EUFPL",10
"autonomous","A-UT/O-PB/PH-US",0
"avid","A/SR-EUD",3
"bachelor's degree","PW*-GD",42
"bachelor's degrees","PW*-GDZ",0
"backbencher","PWA-BG/PWR-EFRPBLG",0
"backbencher","PWA-BG/PW-EFPBLG/-ER",0
"backbencher","PWA-BG/PW-EFRPBLG/-ER",0
"bacterium","PWA-EBGT/KWR-UPL",3
"bad example","PWA-FRPL",2
"bad examples","PWA-FRPLZ",5
"bagpiper","PWA-G/PAO-EURP",1
"bagpipers","PWA-G/PAO-EURPZ",2
"Barcelona","PWA-RS",6
"batshit","PWA-T/SH-EUT",1
"Bayes","PWA*-EUZ",32
"Bayes' theorem","PWA*-EUZ/THAO-ERPL",4
"Bayesian","PWA-EUZ/KWRA-PB",1
"be like","PWHRAO-EUBG",17
"because she called","SKPRAO*-BLGD",46
"because she came","SKPRAO-FBGT",0
"because she came back","SKPRAO*-FBGT",1
"because she came out","SKPRAO*-FBGTD",0
"because she made","SKPRAO*-PBLGZ",26
"because she reviewed","SKPRAO*-FRP",0
"because she started","SKPRAO-FRSZ",69
"because she still","SKPRAO-FPLD",3
"because she talked","SKPRAO-RBGTD",4
"because she talks","SKPRAO-RBGTS",28
"because you use","SKPR-URBGZ",67
"Beethoven","PWA-EUT/HO*-EFPB",2
"before you review","PWR*-UFRP",11
"being able to ","TKPWA-EUBLT",67
"believability of the witness","PWHR-EUPBS",15
"believability of the witnesses","PWHR-EUPBSZ",13
"bencher","PWR-EFRPBLG",1
"Bethan Williams","PW*-ET/A-PB/W-EUPLZ",4
"Better Homes and Gardens","PW-ERT/HO-EPLZ/SKP/TKPWA-RPBDZ",0
"bewilder","PW*-EURLD",14
"bewildered","PW*-EURLTD",0
"bewildering","PW*-EURLGD",6
"bewilders","PW*-EURLDZ",0
"bicameral","PW*-EU/KA-RPL/A-L",0
"Birkenau","PW-ERBG/TPHO-E",0
"Birkenau","PW-ERBG/TPHO-U",3
"Birkenau","PW-EURBG/TPHO-U",10
"bitch","PW*-EUFP",61
"black-and-white situation","PWHRA-BG/SKP/WHAO-EUT/SWA-EUGS",0
"blood, sweat, and tears","PWHRAO-D/SW-ET/SKP/TAO-ERZ",0
"blood, sweat, and tears","PWHRAO-D/SW-ET/SKP/TA-ERZ",1
"bloodstream","PWHRAO*-RPLS",12
"bloodstreams","PWHRAO*-RPLSZ",4
"bluriness","PWHR-EURPBS",17
"blurinesses","PWHR-EURPBSZ",0
"Bolivia","PWHRA*-EF",33
"Bolivian","PWHRA*-EFPB",5
"Bolivians","PWHRA*-EFPBZ",0
"bona fide","PWO-EFD",11
"Brasília","PWRA-FL/KWRA",7
"broke down","PWRO-EBGD",5
"brother-in-law","PWRO-ER/TPH/HRA-U",3
"brothers-in-law","PWRO-ER/-Z/TPH/HRA-U",0
"brought to your attention","PWRA*-UPBGS",10
"Bulgarian","PWA*-URLG",11
"Bulgarians","PWA*-URLGZ",0
"bullet point","PW*-UPT",4
"bullet point","PWHRO-EUPT",9
"bullet points","PW*-UPTS",2
"bullet points","PWHRO-EUPTS",0
"busks","PW-UFBGS",0
"but might not","#2K3W4R-789D",52
"but she should say","TKPWHRAO-RBDZ",13
"Buzz Lightyear","PW-UZ/KWHRAO*-ER",1
"by questions","PW*-EUFPZ",8
"by virtue of the","W-EU/SR-EURT/-FT",0
"by what is","PW-EUFBS",0
"by which","PW-EUFP",130
"bypassing","PWA-EPGS",10
"C. S. Lewis","KR*/S*/HRAO*-US",1
"C. S. Lewis","KR*/S*/HRAO-US",3
"came on","KPHAO",19
"came out of","KPHO*-UFT",15
"campesino","KA-PL/P-ES/AO-EPB/O-E",0
"cardiac arrest","KA-RBGDZ",19
"cared about","KA*-EURBD",11
"carefully","KA*-EUFRL",140
"caring about","KA*-EURBDZ",10
"Carlsberg","KA*-RLZ/PW-ERG",0
"Carlsberg","KA-RLZ/PW-ERG",0
"cartography","KA-RT/TKPWRA-EF",1
"causalities","KA-UFLTZ",2
"causalities","KA-UFLTS",2
"causality","KA-UFLT",12
"cavity","KA*-F/T-EU",0
"censorship","KR*-EUP",38
"censorships","KR*-EUPZ",1
"centiliter","SHRAO-ERT",9
"centiliters","SHRAO-ERTS",1
"centric","STR/*-EUBG",0
"centurion","S-EPBT/AO-URPB",2
"champagne","SHA-FRP/A-EUPB",4
"Chapter","KHA*-RPT",118
"Chapter 11","KHA-RPT/HR-EF",0
"Chapters","KHA*-RPTS",9
"Charles Swann","KHA-RLZ/SWA-PB",0
"Charmander","KHA-R/PHA-PBD/-ER",2
"checkpoint","KHO-EUPT",8
"checkpoint","#K40-EU79",2
"checkpoints","KHO-EUPTS",0
"checkpoints","#K40-EU79S",2
"checks and balances","KH-EBGS/SK/WA-LZ",0
"Chelsea Football Club","KH-ELS/TP-BL/KHR-UB",4
"Cherokee","KHA-EURBG",0
"Chile","KHA-EL",24
"Chilean","KHA-EPBL",22
"Chileans","KHA-EPBLZ",0
"cholangiogram","KO-L/A-PBG/KWRO/TKPWRA-PL",4
"Chomsky","KHO-PL/SK-EU",2
"Chrome OS","KRO-EPL/O*/S*",0
"Chromium OS","KRO-EPL/KWR-UPL/O*/S*",0
"chronological","KRO*-LG",14
"chronological order","KRO-ERD",9
"chronological orders","KRO-ERDZ",0
"chronologically","KRO*-LGD",10
"chronologies","KRO-LGZ",0
"chronology","KRO-LG",9
"circularity","S-EURLG/A-R/T-EU",0
"circularity","S*-EURLG/T-EU",25
"civil rights","S*-EUFRLTS",14
"cleans up","KHR-UPZ",0
"cliché","KHRAO-ERB",20
"clichéed","KHRAO-ERBD",15
"clichés","KHRAO-ERBZ",12
"clockwise","KHRO-EUZ",11
"clockwise","KRO-EUZ",0
"Coast Guard","KO-UGD",5
"Coast Guard","KO-URGD",0
"coastline","SKHRAO-EUPB",14
"coastlines","SKHRAO-EUPBZ",0
"cobras","KO-EB/RA-Z",5
"coefficient","KW-EURBT",8
"coefficients","KW-EURBTS",0
"coerced","KO-ERGTSDZ",2
"cogency","KO-EPBLGS/S-EU",3
"cognizant","KO-G/TPH-EUFPBT",5
"collide","KPHRAO-EUD",3
"come back","KPH-B",3
"come out of","KPHO-UFT",24
"comes back","KPH-BZ",0
"comes off","KPHO-FZ",10
"comes on","KPHO-Z",14
"comes out of","KPHO-UFTS",14
"comes over","KPHO*-EFRZ",8
"coming back","KPH-BG",3
"coming off","KPHO-FG",12
"coming out of","KPHO-UFGT",31
"commemorate","KPH-ERPLT",25
"commemoration","KPH-ERPLGS",5
"commemorations","KPH-ERPLGSZ",0
"common denominator","KPHO*-RPLT",34
"common denominators","KPHO*-RPLTS",0
"compensatory","KP-ERPBS",33
"conflagration","KO-PB/TPHRA/TKPWRA-EUGS",0
"congesting","K*-EPBLG",1
"conglomeration","TKPWHRO-RPLGS",8
"conglomerations","TKPWHRO-RPLGSZ",3
"conjugate","KO-PB/SKWRAO-UGT",0
"conjugated","KO-PB/SKWRAO-UGTD",0
"conjugates","KO-PB/SKWRAO-UGTS",0
"Constitutional Reform Act","ST-ULGS/R-FRPL/A-BGT",5
"constitutive","ST*-UFT",9
"contemporanity","KO-PB/T-EFRP/RA-EUPBT",0
"contradictory","KRO-EURBGT",12
"contrast","KRA*-S",9
"contrasts","KRA*-SZ",0
"convects","KW-EBGTS",0
"Coroners & Justice Act","KRO-URPBZ/SKP/SKWR-UFT/A-BGT",0
"correlated","KO-RLTD",15
"correlates","KO-RLTS",17
"correlations","KO-RLGSZ",17
"cortex","KO*-RBGS",16
"cortexes","KO*-RBGSZ",0
"cortices","KO-RTSDZ",13
"cortices","KO-RTSZ",2
"cortices","KO-RTDZ",0
"counterargument","KO-URPBT/A-RGT",2
"counterarguments","KO-URPBT/A-RGTS",2
"counterclockwise","KHRO*-EUZ",12
"counties","KO-UPBT/AO-EZ",1
"couple of others","KPHRO-EFRZ",1
"couple weeks ago","KPHR-BGZ",33
"courageous","KRA-PBLGS",8
"course of","KO-UFRS",31
"crematorium","KR-EPL/TO-ERPL",16
"Croatia","KRO-ERB",9
"Croatian","KRO*-ERB",9
"Croatians","KRO*-ERBZ",0
"crossover","KRO*-EFR",13
"crossovers","KRO*-EFRZ",3
"crowbar","KRO-EB",5
"Cuenca","KW*-EPBG/A",27
"custom","KR-RBGS/-URBGS/S-RBGS/T-RBGS/O-RBGS/PH-RBGS",2
"Daddy Yankee","TKA-D/AO-E/KWRA*-PBG/AO-E",1
"Davis-Bacon Act","TKA*-EUFS/PWAO*-PBG/A-BGT",3
"day and a half","TKA-F",10
"days and a half","TKA-FZ",10
"day-to-day routine","TKA-EU/TO/TKA-EU/RAO-UPBT",0
"declaration","TKHRA-RGS",23
"Declaration of Independence","TKHRA-RPS",4
"deeply","TKAO*-EP",87
"defuse","TKAO-E/TPAO-UZ",10
"degenerating","TKAO*-EPBLGT",7
"degenerative","TKAO-E/SKWR*-EFPBT",9
"Delmart","TK-EL/PHA-RT",6
"dementia","TKPHA-EPBGS",34
"Democrat Party","TKO-EUPT",18
"democratic","TK-EPLD",107
"Democratic Party","TKO*-EUPT",16
"demonstrators","TKPHO-RPBSZ",2
"denominator","TKPHO*-RPLT",0
"denominators","TKPHO*-RPLTS",0
"department","TKPHA-RPLT",0
"deposes","TKPO-ESZ",3
"deprivation","TKPR*-EUFGS",8
"deprivations","TKPR*-EUFGSZ",3
"described this incident","STKHRAO-EUBZ/-EUPBT",0
"detrimental","TKR*-EUPLT",19
"detrimentally","TKPH*-EPBLGTS",8
"detrimentally","TKR*-EUPLTD",16
"devastatingly","TKA*-EFLGT",7
"devastatingly","TKA*-EFLG",0
"devastations","TKA*-EFGSZ",4
"devotional","TKWO-ELGS",23
"devotionals","TKWO-ELGSZ",0
"dichotomous","TKAO-EUBGT/PH-US",8
"dichotomy","TKAO-EUBGT/PHAO-E",3
"Dickensian","TK*-EUBG/-EPBZ/KWRA-PB",1
"Dickensian","TK-EUBG/-EPBZ/KWRA-PB",0
"did I have any","TK*-EUFSZ",6
"did you have any questions","TK*-UFPZ",1
"didn't have to","TK*-EUFPBT",9
"diffuse","TKWAO-UZ",10
"disagreeably","STKPWRA*-EBL",1
"disbursements","STKPW-URPLTS",4
"discouragement","SKR-EPBLGT",22
"disgracefully","STKPWRA*-EUFLS",11
"disloyally","STKHRO*-EUL",6
"disloyalties","STKHRO-EULTS",7
"dismissals","TKPH-EUFLZ",5
"distally","STKA*-L",10
"disturbingly","STK-URBLDZ",0
"DJI Phantom","TK*/SKWRA*-EU/*-EU/TPAO-PLT",2
"DJI Spark","TK*/SKWRA*-EU/*-EU/SPA-RBG",0
"do you have the opinion","TKAO*-UFPT",27
"do you recognize this document","TKAO*-URGDZ",33
"do you see where","TKWRAO-UZ",26
"does he agree","STK-ERG",2
"does he have anything","STK*-EFGS",1
"does he have anything","STK*-EFGSZ",22
"does he have anything else","STK*-EFLGS",2
"does he have anything else","STK*-EFLGSZ",4
"does he leave","#12K-E68",3
"does he now","STK-ERPBLS",1
"does he send","STK-EFRPTD",2
"doesn't matter what","STKA-EFB",17
"domain","TKPHA-EUPB",22
"domestic violence","TKPH-EFBG/TKPH-EFBG",41
"Dora the Explorer","TKO-R/A/-T/SPHRO-ER",2
"Dostoyevsky","TKO*-S/KWR*-EF",51
"double-entry bookkeeping","TKO-UBL/SPWR-EU/PWAO-PG",1
"doubtless","TKO-UTD/-LS",0
"Douglas","TKO-ULGS",8
"down the","TKO*-UPBT",13
"download","TKHRO-ED",6
"downloaded","TKHRO-ETD",3
"downloading","TKHRO-EGD",2
"downloads","TKHRO-EDZ",1
"downtown","TKO*-UPBTD",0
"dramatical","TKRA-BLG",8
"drastically","TKRA-FL",50
"Dumbo","TK-UPL/PWO-E",0
"dysfunctionally","STKP*-UBLGZ",5
"each of","KHO-F",29
"each of the","KHO-FT",17
"each of these","KHO-RPG",6
"each of those","KHO-FBL",3
"each other's","KHO-ERZ",45
"ecclesiastical","KHRAO-EBLG",9
"Edge Pro Apex","'-EPBLG/PRO/A/P-EBGS",6
"efface","AO*-E/TPA-EUS",3
"effaced","AO*-E/TPA-EUSD",3
"effaces","AO*-E/TPA-EUSZ",0
"effacing","AO*-E/TPA-EUFG",1
"eggs","*-EGZ",26
"elapsing","HRA-EPGS",14
"electro","HR*-ERBG",52
"eleemosynary","'-EUL/PHO-ES/TPHA-ER",1
"Elmont","'-EL/PHO-PBT",0
"Elon","AO*-E/HRO-PB",3
"elsewhere","KWR-ELS",1
"embarrassment","KPWA-EUFRT",30
"empirical","KPW-EURBLG",9
"empirical","KPW-EURLG",39
"empirically","KPW*-EURLG",21
"empirically","KPW*-EURBLG",3
"empiricism","KPW-EUR/S-EUFPL",15
"empiricist","KPW-EUR/S*-EUS",18
"employee","KPW/AO-E",0
"emulsifier","PH-ULS/TPAO-EUR",11
"emulsifiers","PH-ULS/TPAO-EURZ",0
"enthusiast","TH*-UBGS",1
"entropy","SPWRO-EUP",13
"ephemeral","'-EF/AO-EPL/RA-L",0
"Epictetus","P*-EUBG/T-ETS",28
"epiphany","'-EP/-EUF/TPH-EU",0
"epistemic","'-EP/ST-EPL/*-EUBG",3
"epistemologist","P*-EUS/O*-LGS",14
"epistemologist","P*-EUS/O-LGS",0
"epistemologists","P*-EUS/O-LGSZ",1
"epistemologists","P*-EUS/O*-LGSZ",1
"Ethan Simcheck","AO*-EPBT/S*-EUPL/KH-EBG",2
"Euan","KWRA*-UPB",1
"eugenicists","AO-U/SKWR-EB/S*-EUSZ",0
"European","AO*-URP",133
"European Communities Act","AO*-URP/KPHAO-UPBTS/A-BGT",7
"European Court of Human Rights","AO*-URP/KO-URT/-F/HAO-UPL/RAO-EUTS",0
"European Union","AO*-URP/AO-UPB",3
"Europeans","AO*-URPZ",20
"Excalibur","SKA-URBL",14
"Exelon","KPHRO-PB",0
"expert witness","SP-EUPBS",86
"explicit","SPHR*-EUFS",59
"explicitly","SPHR*-EUFLS",88
"expressive","SPR*-EFS",52
"extenuating circumstances","ST-EPB/WA-EUGT/-P",14
"extraversion","STRA*-FRGS",1
"extraversions","STRA*-FRGSZ",0
"extravert","STRA*-FRT",23
"extraverts","STRA*-FRTS",6
"face to face","TPA-EUFS",38
"face-to-face","TPA*-EUFS",31
"fact is","TPA*-BGTS",11
"Fahrenheit","TPA-RPBT",5
"faith-reason dichotomy","TPA*-EUT/RAO-EPB/TKPAO-EUBGT/*/TKAO-EUBGT",0
"familiarity","TPA-PL/T-EU",1
"familiarization","TPA*-PLGS",4
"familiarizations","TPA*-PLGSZ",0
"fantastically","TP-BGT/-L/-L",0
"father-in-law","TPA-ER/TPH/HRA-U",4
"fathers-in-law","TPA-ER/-Z/TPH/HRA-U",0
"feasibly","TPAO*-EFBL",11
"feel like","TPHRAO-EL",24
"feeling like","TPHRAO-ELG",12
"feels like","TPHRAO-ELZ",18
"felt like","TPHR-ELT",47
"femme fatale","TP-EPL/TPA-T/A-L",0
"femme fatale","TP-EPL/TPA-EULGTS",0
"Finnish","TPH*-EURB",12
"first of all","TP-EUFRL",27
"Fish & Richardson","TP-EURB/SKP/R*-EUFPDZ",2
"five or ten","TPO*-EUF/O-R/T-EPB",0
"five-minute","TPAO*-EUFPLT",14
"floppy","TPHRO-EUP",18
"focus on","TPO*-EF",103
"focus on the","TPO*-EFT",13
"focused on","TPO*-EFD",50
"focused on the","TPO*-EFTD",10
"focuses on","TPO*-EFZ",17
"focuses on the","TPO*-EFTS",10
"focusing on","TPO*-EFG",43
"focusing on the","TPO*-EFGT",9
"FOMO","TPO-EPL/O-E",0
"fondest","TPO*-PBDZ",10
"for all time","TPRA-UPLT",4
"for how long","TPRO-EUPBG",1
"for lack of a better term","TPHR-ERPL",16
"for lack of a better word","TPHRO-RD",16
"forecasting","TPO*-ERBG",6
"foreclose","TPHRO-EF",5
"foreclosed","TPHRO-EFD",2
"forecloses","TPHRO-EFZ",0
"four ways","TPO-UFRTSZ",12
"fourth-to-last page","TPO*-URT/TO/HRA*-S/PA-EUPBLG",1
"fractionally","TPRA*-BLGZ",1
"fracture","TPRA-RBGT",37
"fractured","TPRA-RBGTD",11
"fractures","TPRA-RBGTS",2
"fracturing","TPRA*-RBGT",9
"frames per second","TPRA-EUPLZ/P-ER/S-EBGD",0
"free market","TKPWRAO-ERBGT",3
"free markets","TKPWRAO-ERBGTS",0
"free speech","TPRAO-EFP",0
"freedom of speech","TPRAO*-EFP",0
"from what is","TPR-FBS",114
"full of","TPHR*-UF",129
"full of it","TPHR*-UFTD",5
"full of the","TPHR*-UFT",14
"furthermore","TP*-URPLT",9
"Fyodor","TPAO-E/KWRO-D/O-R",5
"gang-related violence","TKPWA-PBG/RA-ELTD/SRAO-EUPBS",1
"Gehenna","TKPWH-EPB/A",14
"generally speaking","SKWRAO*-EBGDZ",48
"generally speaking","SKWRAO-EBGDZ",1
"Geobbels","TKPW-ERB/-ELZ",0
"geographically","SKWRAO*-EFLG",10
"geologically","SKWRAO*-ELGD",3
"gesticulate","SKWR*-ES/T-EUBG/HRA-EUT",0
"gesticulation","SKWR*-ES/KHRA-EUGS",9
"Glasgow","TKPWHRA-Z/TKPWO-E",0
"Glasgow","TKPWHRA-FG",17
"Glaswegian","TKPWHRA-Z/WAO-EPBLG",0
"Glaswegian","TKPWHRA-PBLG",16
"Glaswegians","TKPWHRA-Z/WAO-EPBLGZ",0
"Glaswegians","TKPWHRA-PBLGZ",1
"go up","TKPW-P",4
"God the Word","TKPWO-D/TWO-RD",0
"going through","TKPW-RGTS",13
"going to actually","TKPWAO*-LTD",7
"going to believe","TKPWAO-BL",0
"going to notice","TKPWAO-FBT",3
"going to read","TKRAO-RD",1
"Goliath","TKPWO-L/AO-EU/*-T",3
"good example","TKPWAO-FRPL",8
"good examples","TKPWAO-FRPLZ",0
"goodness","TKPWAO*-PBS",2
"got up","TKPWO-P",12
"governmental","TKPWO*-FRPBLT",44
"greater than or equal to","TKPWRA*-EURPBT",17
"greater than or equal to","TKPWRA-EURPBT/-P",1
"greater weight of the evidence","TKPWR*-FD",35
"Greer's","TKPWRAO*-ERZ",0
"group of the","TKPWRAO-UFPT",9
"Gualaceo","WA-L/A/SA-EU/O-E",1
"Guayaquil","WAO-EU/A/KAO-EL",11
"Guayaquil","WAO-EU/A/K-EUL",12
"guilty or not guilty","TKPW-EULT/-P",0
"gunpoint","TKPWO-EUPT",8
"gunpoint","#2K3W0-EU79",0
"gunpoints","TKPWO-EUPTS",0
"gunpoints","#2K3W0-EU79S",0
"h","H-RBGS",21
"had a point","HA*-PT",15
"had an appointment","'-EUD/O-PB/PO-EUPLT",0
"had we had","H-FRBLGD",0
"had you seen","H-UZ",5
"harrowing","HA-R/O-EG",1
"Harvard University","HA*-FRD/KWRAO-UFRT",1
"Harvard-Westlake","HA*-FRD/W*-ES/HRA-EUBG",3
"harvest","HA*-FRBS",2
"harvests","HA*-FRBSZ",3
"haunt","HA*-UPBT",1
"haunting","HA*-UPBGT",1
"haunts","HA*-UPBTS",1
"have her","SR*-ER",18
"have you had your deposition","SR-UD/-RBG/TKPO-GS",0
"have you had your deposition taken before","SR-UD/*-RBG/TKPO-GS/TA-EUP/PWR",0
"having it","SR*-GT",2
"he doesn't ask me","KWHRAO-PLGS",1
"he doesn't have anything else","KWHRAO*-FLGSZ",6
"he is the","#-ES",7
"he recommends","*-ERPLDZ",55
"helipad","H-EL/PA-D",4
"Hendrix","H-EPB/TKR-EUBGS",3
"Her Majesty's","H*-ERPBLGSZ",11
"her name is","H-EPLDZ",0
"heteronomy","H-ET/-ER/O-PB/PH-EU",1
"heuristically","HAO-UFRBLG",15
"hid it","H-EUTD/T",0
"hierarchical","HAO*-EURBLG",14
"high-tech","H*-EBG",2
"himself","H-EUPL/S-EFL",1
"His Majesty's","H*-EUPBLGSZ",15
"his or hers","HO*-RZ",10
"histogram","H*-EUS/TKPWRA-PL",39
"histograms","H*-EUS/TKPWRA-PLZ",10
"Hofeld","HO/TP-ELD",6
"hole","HO-L",65
"holes","HO-LZ",17
"holy","HO-EL",96
"Holy Trinity","HO-EL/TR*-EUPBT",3
"Homicide Act of","HO-PLS/A-BGT/-F",0
"hospital-given infections","HO-PT/TKPW*-EUFPB/STW-EBGSZ",0
"House of Commons","HO-US/-F/KPHO-PZ",1
"Houston","HAO*-UPBS",49
"how do you estimate","TKHAO-UFPLT",17
"how little","HO*-ULGTS",17
"how that","HO-ULGTS",21
"HR","H*-R",10
"Human Rights Act","HAO-URTS/A-BGT",1
"humiliate","HAO*-ULGTS",0
"humiliate","HAO*-ULT",9
"humiliated","HAO*-ULGTSD",0
"humiliated","HAO*-ULTD",15
"humiliates","HAO*-ULTS",1
"humiliating","HAO*-ULGT",12
"humiliation","HAO*-ULGS",16
"humiliations","HAO*-ULGSZ",0
"hydrogen","HAO-EUPBLG",26
"hygiene","HAO*-EUPBLG",11
"hypocrisy","H*-EUPS",27
"I can't also","KWRA-LSZ",1
"I didn't ever go","KWR*-EUFRG",2
"I do that","'-EURPBLGTS",21
"I don't ask them","KWRO-PGTSDZ",0
"I have to be observant","*-EUF/TAO-B/O-EBT",0
"I tried to read","STKRAO-RD",3
"ically","*-EULG",26
"iconoclastic","AO-EU/KO-PB/KHRA-FBG",0
"idiosyncratic","O*-EUD/S*-EUPBG/RA-BGT",0
"if this, then that","PWRA-EUPB/SK-EUPZ/-T/PRO-Z",0
"if what is","TP-FBS",8
"illustrate","*-EURLT",36
"illustrated","*-EURLTD",11
"illustrates","*-EURLTS",12
"illustrating","*-EURLGT",5
"illustration","*-EURLGTZ",0
"illustration","*-EURLGS",34
"illustrations","*-EURLGSZ",4
"illustrator","R*-EURLT",20
"illustrators","R*-EURLTS",3
"I'm assuming","AO-EUPL/SAO-EUPLG",0
"I'm going to","STKPWAO",35
"I'm going to believe","STKPWAO-BL",9
"I'm going to feel","STKPWAO-FL",3
"I'm going to have","STKPWAO*-F",10
"I'm going to have the","STKPWAO*-FT",9
"I'm going to have this","STKPWAO*-FTSDZ",9
"I'm trying to read","STKPWRAO-RD",0
"Immanuel Kant","KA*-UPBT",9
"Immanuel Kant","KA-UPBT/KA-UPBT",0
"immutability","KPWAO*-UBLT/T-EU",0
"immutability","KPWAO-UBLT/T-EU",0
"immutable","KPWAO-UBLT",7
"immutably","KPWAO*-UBLT",3
"implicit","KPWHR*-EUFS",39
"implicitly","KPWHR*-EUFLS",40
"in a position","TPHO-PGS",4
"in a step-by-step","TPHA/ST-EP/PW-EU/ST-EP",2
"in accordance with","TKPHAO-RPBS",78
"in accordance with the","TKPHAO*-RPBS",30
"in context","TKPH-EBGS",62
"in light of the facts","TPHRAO-EUFBGS",5
"In Living Color","TPH/HR*-EUFG/KHRO-R",0
"in practice","PRA-TSDZ",11
"in preparation for today's deposition","TPHR*-FRPGS",9
"in reference to the","TPHR-EFRPBSZ",16
"in response to the","STPHAO*-PBSZ",15
"In Search of Lost Time","TPH/S-EFRPB/-F/HRO*-S/TAO-EUPL",0
"in the beginning","TPH*-EG",21
"in the context","TKPH*-EBGS",7
"in the context of","TKPH*-EFBGS",12
"in the context of the","TKPH*-EFBGTS",1
"in the long run","TPHO*-RPB",35
"in the middle of a","TPHA-EUFLGDZ",16
"in the present","TPHR-EPBT",24
"in the train","TRA-EUPBTSDZ",0
"in theory","THAO-ERTSDZ",16
"in this day and age","TPH-TSDZ/TA-EU/SKP/A-EUPBLG",1
"in total","TPHO-ELGTS",20
"including but not limited to","KHRAO-UBD",28
"including but not limited to","KHRAO-UBT",0
"inconceivably","SKA-EFBL",7
"inconveniently","KWAO*-EPBLT",5
"incrementally","KR*-EPLTD",31
"indefinite","TKW*-EPBT",31
"indefinitely","TKW*-EPBLT",41
"indubitably","'-EUPB/TKAO-UBT/A*-BL",0
"inferential","STWR-EPBLT",21
"inferentially","STWR*-EPBLT",7
"ingly","'-LG",16
"in-house counsel","TPH/HO-US/KO-UPBS",0
"in-house counsel","TPHO-UPBLS",8
"innovate","STWA-EUT",4
"innovated","STWA-EUTD",3
"innovater","STWA-EURT",4
"innovates","STWA-EUTS",1
"innovating","STWA-EUGT",3
"innovation","STWA-EUGTS",0
"innovation","STWA-EUGS",17
"innovations","STWA-EUGSZ",6
"innovative","STWA*-EUFT",13
"innovatively","STWA*-EUFLT",0
"inspirationally","SPO*-EURLGS",7
"inspirationally","SPO*-EURBL",5
"instead of it","STPH*-EFTD",22
"insurmountable","'-EUPB/S-URPL/O-UPBT/A-BL",0
"integer","SPW*-ERPBLG",12
"integers","SPW*-ERPBLGZ",0
"integrate","SPW-EGT",29
"integrated","SPW-EGTD",15
"integrates","SPW-EGTS",3
"integrating","SPW*-EGT",13
"integrity","SPW-ERGT",29
"integrity","SPW*-ERGT",5
"intelligibility","T-EBL/T-EU",19
"intelligible","T-EBL",28
"intentionality","SPW-EPBLGS/T-EU",2
"interest-only mortgage","SPW/O-PBL/PHO-RPBLG",2
"interest-only mortgages","SPW/O-PBL/PHO-RPBLGZ",0
"intermediately","SPW*-ERPLD",14
"International Code Council","SPW-ERPBLT/KO-ED/KO*-UPBS",0
"International Experience Canada","SPW-ERPBLT/SP-ERPBS/KA*-PBD",0
"International Legal Alliance Summit","SPW-ERPBLT/HRAO-EL/HRA-EPBS/S-UPLT",0
"into eight","#13W50-U6",1
"into five","#13W50-U79",12
"into four","#13W50-U7",5
"into nine","#13W50-U69",6
"into one","#13W50-U9",36
"into seven","#13W50-U789",3
"into six","#13W50-U78",2
"into three","#13W50-U89",16
"into two","#13W50-U8",27
"intra vires","SPWRA/SRAO-ER/-US",0
"introspect","SPWRO/SP-EBGT",2
"introspected","SPWRO/SP-EBGTD",1
"introspects","SPWRO/SP-EBGTS",2
"is it your opinion","ST/*-BG/P-PB",0
"is that fair to say","STHA-EUFRTS",7
"is-ought problem","S/A-UT/PRO-B",4
"it doesn't matter what","STKA*-EFB",23
"it looks","T-BLGZ",19
"it's very important to","'-EUTS/SR-E/PO-RPT/TO",0
"Jehovah God","SKWR*-EFGD",26
"Jehovah's Witnesses","SKWR*-EFPBSZ",46
"Jehovah's Witnesses","SKWR*-EFPBZ",0
"jeopardizing","SKWR-EPGDZ",15
"jeopardizing","SKWR-EPGZ",3
"job related to","SKWRO-B/RA-ELTD/TO",0
"John Maynard Keynes","SKWRO-PB/PHA-EU/TPHA-RD/KAO-EPBZ",3
"Judicature","SKWRAO-UD/-EUBG/TAO-UR",5
"judicially","SKWRA*-ERBL",7
"judicially","SKWR*-URBL",2
"just let me know","SKWHR*-EPL",13
"juvenile court","SKWRO-URBGT",5
"JW","SKWR-FRBLG",9
"Kathy","KA*-ETD",15
"Kilimanjaro","K-EUL/PHA-PBG/A-R/O-E",1
"knifepoint","TPHO-EUFPT",13
"knifepoints","TPHO-EUFPTS",0
"landscape","HRA-PBDZ/KA-EUP",1
"later on","HRA-EURPT",2
"least common denominator","SKPHO*-RPLT",28
"least common denominators","SKPHO*-RPLTS",0
"leniency","HRAO*-EPBS",7
"Lenovo","HRO*-EFPB",8
"let her","HR*-ER",0
"let's assume","SHRAO-UPL",21
"let's assume that","SHRAO*-UPL",14
"let's talk","STHRA-UBG",13
"let's talk about","STHRA-UB",17
"Lexington","HR-EBGDZ/TO-PB",1
"lightbulbs","PWHR-UBLZ",5
"Lincoln","HRO*-EUPBG",5
"listed","HR*-EUGSD",0
"Litchfield Borough Police Department","HR*-B/HR*-B",0
"Little Dorrit","'-LGTS/TKO-R/-EUT",1
"long run","HRO*-RPB",23
"look at","HRAO-BGT",5
"Lord Chancellor","HRO-RD/KHAO-RPBLS",0
"Lord Chief Justice","HRO-RD/KHAO-EF/SKWR-UFT",0
"Lord Diplock","HRO-RD/TK-EUP/HRO-BG",0
"Lord Jesus","SKWHRAO-ESZ",32
"Lord Jesus Christ","SKWHR*-BG",21
"Lord Kitchener","HRO-RD/K-EUFP/-EPB",0
"L-Theanine","HR*/THAO-E/TPHAO-EPB",1
"lucrative","HRAO*-UFRBGT",5
"lucratively","HRAO*-UFRBLGT",0
"magnesium","PHA-PLS",16
"make sure","PHA-EURBS",521
"malaria","PHA-L/A-R/KWRA",0
"malice aforethought","PHA-LS/-P",2
"Marcel Proust","PHA-R/S-EL/PRO*-US",1
"Marie Kondo","PHRA*/KO-PBD/O-E",1
"martyr","PHA-R/T-ER",2
"Marvel Studios","PHA*-FRL/STAO*-UDZ",0
"masturbate","PHA-S/T-UR/PWA-EUT",1
"masturbated","PHA-S/T-UR/PWA-EUTD",0
"masturbates","PHA-S/T-UR/PWA-EUTZ",0
"masturbation","PHA-S/T-UR/PWA-EUGS",1
"masturbator","PHA-S/T-UR/PWA-EURT",0
"Mavic","PHA*-F/-EUBG",8
"Mavic Air","PHA*-F/-EUBG/A-EUR",11
"Mavic Pro","PHA*-F/-EUBG/PRO",11
"Mavic Pro Platinum","PHA*-F/-EUBG/PRO/PHRA-PLT",0
"medieval","PH*-EUFLD",2
"medieval","PHAO*-EFLD",25
"medievals","PHAO*-EFLDZ",2
"mediocre","PHAO-ERBGD",13
"mediocrity","PHAO-ERBGD/T-EU",7
"mens rea","PH-EPZ/RA-EU",2
"mentation","PH-EPBT/A-EUGS",7
"menu","PHAO*-UPB",27
"menus","PHAO*-UPBZ",2
"mercantilism","PH-ERBLGT/-EUFPL",2
"million{@DOLLAR(ASIS)}","PH*-EULDZ",18
"mimic","PH-EUPL/*-EUBG",6
"Minecraft","PHAO-EUPB/KRA-FT",4
"Minecraft Pocket Edition","PHAO-EUPB/KRA-FT/PO-BGT/TK-EUGS",0
"minimum wage","PHA-EPBLG",116
"minimum wages","PHA-EPBLGZ",14
"Miranda rights","PH-EURPBD/PH-EURPBD",4
"misdemeanor","SPHAO-ERPB",17
"miserable","PHA-EFRBL",48
"miserably","PHA*-EFRBL",5
"mitigatory","PH-EUGT/R-EU",0
"mitochondria","PHO-EUT",20
"modular","PHO-URLD",7
"modus operandi","PHO-EDZ/-P",6
"Mohan","PHO-E/HA-PB",0
"moisturize","PHO*-EURS/AO-EUZ",1
"moisturizes","PHO*-EURS/AO-EUSZ",0
"moisturizing","PHO*-EURS/AO-EUGZ",2
"Molongy","PHO/HRO-PB/AO-E",0
"monetary","PHO-ERBT",0
"monetized","PHO-EPB/TAO-EUSD",1
"monetizes","PHO-EPB/TAO-EUSZ",0
"monomer","PHO*-RPL",19
"monomers","PHO*-RPLZ",0
"Montesquieu","PHO-PBT/-ES/SKAO-U",4
"Montesquieu","PHO-PBTS/SKAO-U",0
"Montevideo","PHO-PBT/SRO-ED",8
"month and a half","PHA-F",18
"months and a half","PHA-FZ",14
"moreover","PHO*-EFR",13
"most of them","PHO*-EFPL",8
"mother-in-law","PHO-ER/TPH/HRA-U",0
"mothers-in-law","PHO-ER/-Z/TPH/HRA-U",0
"Mount Prospect","PHO-UPBT/PRO-BGT",2
"Mr. B","PHR*-B",337
"Mr.^Tumnus","PHR/T-UPL/TPH-US",2
"must","*-PLS",5
"mustached","PH-US/TA-RBD",0
"my grandchildren","STKPW-RPB",12
"my time","TAO-EUPLS",9
"my understanding","S-UPBGD",0
"my understanding is","PH-EUPBGDZ",15
"my understandings","S-UPBGDZ",0
"myocardial","PHO-EURLD",8
"name of","TPHA-EUFPL",20
"National Headache Foundation","TPHA-RBL/HA-EUBG/TPO-UPBGS",4
"nature of","TPHA-EUFT",111
"nature of the","TPHA-EUFTD",2
"natures of","TPHA-EUFTS",0
"NDA","TKPHA*",26
"NDAs","TKPHA*-Z",33
"neck and","STKPH*-EBG",0
"Nedrick","TPH-ED/R-EUBG",2
"neg","TPH-EG",23
"Neil Armstrong","TPHAO-EL/A-RPL/STRO-PBG",0
"Neoplatonic","TPHO*-EU/PHRA*-EPBGT",0
"Neoplatonism","TPHO*-EU/PHRA-EFPL",0
"neptunium","TPH-EUPT/KWR-UPL",10
"never saw","*-RPB/SA-U",0
"New York Times","TPHO-RPLTS",27
"Nightingale","TPHAO-EUT/-EUPBG/A-EUL",0
"Nisan","TPHAO-EUFPB",6
"no longer","TPHO-RPBG",315
"no matter what","TPHA-EFB",17
"no matter what happened","TPHA-EFBD",14
"no matter what happens","TPHA-EFBZ",24
"non sequitur","TPHO*-PB/S-EBG",2
"nondisclosure agreement","TKPHA*/TKPHA*",20
"nondisclosure agreements","TKPHA*/TKPHA*-Z",15
"nondisclosure agreements","TKPHA*-Z/TKPHA*-Z",6
"North Korea","KRA*-E",15
"North Korean","KRA*-EPB",13
"noscitur a sociis","TPHO-S/T-UR/A/SO-ES/AO-ES",0
"nosocomial","TPHO-EZ/KO-EPL/KWRA-L",3
"not that you can think of","TPHA*-UPBG",5
"not to my knowledge","TPH*-EUPBLG",0
"nothing like that","TPHO-LGTS",27
"nothing like the","TPHO-LT",9
"notwithstanding","STWA*-PBGD",23
"novel Bleak House","TPHO*-FL/PWHRAO-EBG/HO-US",0
"novus actus interveniens","TPHO*-EF/-US/A-BGT/-US/SPW-ER/SRAO-EPB/-EPBZ",0
"novus actus interveniens","TPHO*-F/-US/A-BGT/-US/SPW-ER/SRAO-EPBS",1
"Nozick","TPHO-EZ/*-EUBG",11
"Nuremberg Code","TPHAO-URPL/PW-ERG/KO-ED",4
"Oakley","O-EBG/HRAO-E",0
"occupational hazard","O-UPLGS/-P",0
"o'clock in the morning","KHRO*-BG/TPH-T/PHO*-PBG",0
"of The Communist Manifesto","'-FT/KPHAO*-UPBS/PHAO*-FS",1
"of the Lord of Light","'-FT/HRO-RD/-F/HRAO-EUT",1
"Offense Against the Person Act","O-FPBS/TKPW-EPBS/-T/P-ERPB/A-BGT",0
"Old Trafford","O-LD/TRA-FRD",0
"Oliver Twist","O*-FRL/TW*-EUS",3
"on the basis of","AO-FBSZ",34
"on the basis of","O-T/WA-EUSZ/-F",1
"on the basis of the","AO-FBT",9
"on the basis of the","AO*-FBSZ",4
"one another's","W-URPBZ",25
"one more thing","W*-UFRLG",6
"one, two, three, four, five, six, seven","W-UPB/TWO/TRAO-E/TPO-UR/TPAO*-EUF/S-EUBGS/S-EF",1
"one-parent households","W-UPB/PA-EURPBT/HO-UFLDZ",0
"oneself","W-UFPBLS",40
"oneself","W-UFPLS",1
"oneself's","W-UFPBLSZ",9
"on-the job trainingq","O/-T/SKWRO-B/TRA-EUPBG",0
"operational","PRA-EULGS",27
"operationally","PRA*-EULGS",30
"optionality","O-PLGS/T-EU",0
"Osaka","O-ES/A-BG",21
"over","O*-EF",30
"overrule","TPRAO-UL",12
"overseas","O*-EFRSZ",6
"overwhelm","O*-ERPL",5
"oxide","KPAO-EUD",10
"oxides","KPAO-EUDZ",0
"padawan","PA-D/A/WA-PB",1
"Panamanian","PA*-EPL/KWRA-PB",0
"para","PA*-ER",38
"paradox","PRAO*-BGS",46
"paradoxes","PRAO*-BGSZ",0
"paradoxical","PRAO*-BLGS",28
"paradoxically","PRAO*-EBLGS",32
"paralyze","PRA*-LZ",12
"paralyzed","PRA-LDZ",3
"paralyzed","PRA*-LDZ",21
"paralyzes","PRA*-LSZ",9
"paralyzing","PRA-LGZ",0
"paralyzing","PRA*-LGZ",20
"paraphernalia","PA-R/A/TP-ER/TPHA-EUL/KWRA",0
"paraphernalia","PA-R/TP-ER/TPHA-EUL",4
"paraphernalia","PA-R/TP-ER/TPHA-EUL/KWRA",0
"parental","PA-EURPBLGTS",17
"parental","PA/R-EPBLGTS",11
"parental","PR-EPBLT",21
"parentally","PR*-EPBLT",1
"parent-in-law","PA-EURPBT/TPH/HRA-U",0
"parliamentarian","PA*-ERPBLT",2
"passivism","PA-S/S*-EUF/-EUFPL",0
"passport","PA-FRPT",13
"passports","PA-FRPTS",1
"Pavlovian","PA*-F/HRO*-EF/KWRA-PB",0
"peanut","PAO-EPBT",14
"peanuts","PAO-EPBTS",36
"Pembliton","P-EPL/PWHR-EUT/O-PB",0
"Pembliton","P-EPL/PWHR-EU/TO-PB",0
"percentile","P-ERLS",23
"percentiles","P-ERLSZ",8
"periodic","P*-ERBGD",12
"perplex","PHR-EF",10
"perplexed","PHR-EFD",10
"perplexes","PHR-EFS",0
"perplexes","PHR-EFZ",4
"perplexing","PHR-EFG",10
"perplexity","PHR-EFT",7
"Peruvian","PRAO*-U/SRAO-E/A-PB",0
"Peruvian","PRAO*-U/SRAO-E/KWRA-PB",0
"Ph.D.","P*-FPD",48
"Ph.D.'s","P*-FPDZ",3
"Phantom 3","TPAO-PLT/#3",0
"Phantom 4","TPAO-PLT/#4",0
"Pharisee","TPA-R/-EUS/AO-E",0
"Pharisees","TPA-R/-EUS/AO-EZ",2
"philanthropic","TP-EUL/A-PB/TRO-P/*-EUBG",0
"philosophically","TPA*-EUFLS",29
"Phoenix","TPAO*-EPBGS",28
"Phoenix Suns","TPAO*-EPBGS/S-UPBZ",1
"plasia","PHRA*-EURB",0
"Platonic","PHRA*-EPBGT",27
"Platonism","PHRA-EFPL",20
"please, please, please","PHRAO-ES/PHRAO-ES/PHRAO-ES",13
"police record","PHR-EURD",7
"policewoman","PHRA*-PL",5
"policewomen","PHR*-EPL",4
"polymer","PO*-RPL",25
"polymers","PO*-RPLZ",0
"positivism","PO/-EUFPL",10
"potentiate","PO/T-EPBGS/KWRA-EUT",0
"Praetorian","PRA-E/TO-ERPB",0
"predecession","PR-E/TKAO-E/S-EGS",2
"prefrontal","PR-EPBLGTS",14
"preponderance of evidence","P-PDZ",101
"prerequisite","PR-EFBGT",9
"prerequisites","PR-EFBGTS",2
"prestigious","PR-EFPBLGS",0
"pretty good","PR*-EG",0
"pretty soon","PR*-ETS",1
"prime minister","PRAO*-EURPLS",1
"prime ministers","PRAO*-EURPLSZ",2
"professional","PRO-EFLGS",3
"professionally","PRO*-EFLGS",3
"professionals","PRO-EFLGSZ",0
"professors","PRO-FRSZ",76
"profound","PRO-UFPBD",38
"profuse","PRO-UFS",5
"proletariat","PRO*-ELT",14
"proletariats","PRO*-ELTS",0
"promissory","PRO-RPLS",36
"promissory note","PRO*-RPLS",41
"promissory notes","PRO*-RPLSZ",2
"propense","PRO/P-EPBS",0
"proprietorship","PR*-EUP",11
"prorogation","PRO/RO-G/A-EUGS",10
"prorogation","PRO/RO-EG/*/RO*-EG/A-EUGS",0
"prorogation","PRO/RO*-EG/A-EUGS",0
"prorogue","PRO/RO*-EG",5
"prorogued","PRO/RO*-EGD",0
"prorogues","PRO/RO*-EGZ",0
"protocol","PRO-ELT",26
"protocols","PRO-ELTS",8
"Proverbs","PR-FRBZ",26
"pseudo","SAO*-UD",37
"pseudonym","SAO*-UD/TPH-EUPL",5
"pseudonyms","SAO*-UD/TPH-EUPLZ",0
"psychatrist","SAO-EUBG/TR*-EUS",1
"psychatrists","SAO-EUBG/TR*-EUSZ",1
"psychiatrist","SAO-EUBG/A/TR*-EUS",1
"psychiatrists","SAO-EUBG/A/TR*-EUSZ",0
"psychologically","SKAO*-LG",21
"pundit","P-UPB/TK-EUT",1
"pundits","P-UPB/TK-EUTS",2
"pyramid","P-EUR/A/PH-EUD",1
"pyramids","P-EUR/A/PH-EUDZ",5
"quantile","KWA-UPBLT",2
"quantile-quantile","KWA-UPBLT/KWA-UPBLT",0
"quantiles","KWA-UPBLTS",0
"question and answer","KWA*/KWA*",7
"question of fact","KW-EFBGT",5
"question of fact","#KW-E6BG9",3
"question of facts","KW-EFBGTS",10
"question of facts","#KW-E6BG9S",0
"quid pro quo","KW*-EUD/-P",5
"quota","KWO*-ET",16
"rampantly","RA-FRPLT",14
"Raskolnikov","RA-S/KO-L/TPH-EUBG/O*-F",3
"ratio decidendi","RA-EURB/TK-ES/-P",4
"rationalist","RA*-RBLS",16
"rationalists","RA*-RBLSZ",0
"Rawls","RA-ULZ",45
"read","R-ED",223
"Real Madrid","RAO-EL/PHA-RD",0
"really, really","*-RL/*-RL",97
"really, really, really","*-RL/*-RL/*-RL",5
"really, really, really, really","*-RL/*-RL/*-RL/*-RL",1
"really, really, really, really, really, really, really","*-RL/*-RL/*-RL/*-RL/*-RL/*-RL/*-RL",0
"reassurance","SHA*-URPBS",8
"reassurances","SHA*-URPBSZ",4
"reassure","SHA*-UR",9
"reassured","SHA*-URD",4
"reassures","SHA*-URZ",6
"reassuring","SHA*-URG",15
"reciprocal","SPRO-EBLG",8
"reciprocal","SPRO-BLG",23
"reciprocally","SPRO*-EBLG",1
"reciprocate","S-EUP/KA-EUT",10
"reciprocate","SPRO-EBGT",12
"reciprocated","S-EUP/KA-EUTD",10
"reciprocated","SPRO-EBGTD",2
"reciprocates","S-EUP/KA-EUTS",8
"reciprocates","SPRO-EBGTS",2
"reciprocating","S-EUP/KA-EUGT",1
"reciprocating","SPRO*-EBGT",10
"reciprocation","S-EUP/KA-EUGS",1
"reciprocation","SPRO-EBGZ",10
"reciprocations","SPRO-EBGSZ",0
"reciprocity","SPRO-FT",11
"reciprocity","SPRO-EFT",0
"red herring","R-ED/H-ERG",2
"Rees-Mogg","RAO-ES/PHO-G",4
"refreshing my memory","TPR-EURPLG",8
"reggaeton","R-EG/A-EU/TO-PB",2
"regime","RA-EUPBLG/AO-EPL",0
"religiosity","R-ELGS/T-EU",2
"relinquish","KW*-EURB",10
"relinquished","KW*-EURBD",7
"relinquishes","KW*-EURBZ",8
"relinquishing","KW*-EURBDZ",11
"Rembrandts","R-EPL/PWRA-PBTS",1
"Remembrance of Things Past","'-RPLS/-F/TH-EUPBGZ/PA*-S",2
"Remembrance of Things Past","'-RPL/A-PBS/-F/TH-EUPBGZ/PA*-S",1
"remortgage","PHO*-RPBLG",2
"remortgaged","PHO*-RPBLGD",1
"remortgages","PHO*-RPBLGZ",1
"remortgaging","PHO*-RPBLGDZ",1
"repetitively","R-FPT/-L",0
"reprehensibility","R-EP/H-EPBLS/-EUBLT",2
"Republican Party","RO-EUPT",25
"residual","STKAO-UL",17
"residually","STKAO*-UL",9
"residuals","STKAO-ULZ",8
"residue","STKAO-U",12
"resurrect","R-URBGT",5
"resurrected","R-URBGTD",6
"resurrecting","R*-URBGT",12
"resurrection","R-URBGZ",11
"resurrections","R-URBGSZ",9
"resurrects","R-URBGTS",0
"retina","RA*-EPBT",14
"retinal","RA*-EPBLT",8
"retinas","RA*-EPBTZ",0
"retro","R*-ERT",40
"Rio","RAO*-E",24
"Robinson","RO*-EUBS",12
"roughly speaking","RAO*-EBGDZ",22
"Rwandan","WRA*-EPBD",11
"Rwandans","WRA*-EPBDZ",0
"S&P","S*-P",7
"Samarian","SPHA-ER/KWRA-PB",0
"Samsung","SPH-UPBG",13
"San Antonio, Texas,","SA*-PB/TO-EUPB/T-BGS",2
"San Diego","STKAO-EG",25
"São Paulo","SA-U/-F",0
"São Paulo","SA-U/-P",0
"satirical","SA-T/AO-ERBLG",0
"Saudi Arabian","SA*-UBD",12
"savings account","SA*-EUFBGT",1
"savings accounts","SA*-EUFBGTZ",0
"scene of the crime","SKRAO-EUPBL",0
"Schopenhaeur","SHO-P/HA-UR",1
"Securities and Exchange Commission","S*-EBG/S*-EBG",8
"seeming like","SPHRAO-EUBGDZ",10
"self-confidence","SK-FS",11
"self-confident","SK-FT",8
"self-confident","#1K-69",0
"self-control","SKRO-EL",40
"self-controlled","SKRO-ELD",4
"separately","SPRA-EULT",5
"sequentially","SKW*-EPBTD",23
"serious bodily harm","SAO-ERS/PWO-ELD/HA-RPL",0
"Seth Godin","S*-ET/TKPWO-ED/-EUPB",0
"sexually assaulted","S*-EBLGS/SA-ULD",0
"Shaftesbury","SHA-FTS/PW-EUR",4
"share buyback","SHA-EUR/PWAO-EU/PWA-BG",0
"share buybacks","SHA-EUR/PWAO-EU/PWA-BGS",0
"she could really do","'-EBGD/*-RL/TKAO",0
"she doesn't have anything else","SKWHRAO*-FLGSZ",1
"she figures out","SH-EFGTS",4
"she should say","SH-ERBDZ",2
"she shouldn't be","SH*-ERBLG",34
"she shouldn't say","SH*-ERBDZ",3
"Sherlock Holmes","SH-ER/HRO-BG/HO-EPLZ",1
"shrinkage","SHR*-EUPBLG",16
"shrinkages","SHR*-EUPBLGZ",3
"side-by-side","SAO*-EUBD",15
"sideline","STKHRAO-EUPB",8
"sidelines","STKHRAO-EUPBZ",5
"Simcheck","S-EUPL/KH-EBG",0
"simulacrum","S-EUPL/HRA-BG/R-UPL",1
"simulacrum","S-EUPL/KR-UPL",10
"simulacrums","S-EUPL/KR-UPLZ",0
"simulate","SPHAO-ULT",26
"simulated","SPHAO-ULTD",7
"simulates","SPHAO-ULTS",2
"simulating","SPHAO-ULGT",8
"simulation","SPHAO-ULGS",59
"simulations","SPHAO-ULGSZ",5
"simulator","SPHAO-URLT",24
"simulators","SPHAO-URLTS",3
"sine qua non","SAO-EUPB/KWA/TPHO-EPB",0
"sine qua non","SAO-EUPB/A-EU/KWA/TPHO-PB",0
"sine qua non","SAO-EUPB/A-EU/KWA/TPHO-EPB",0
"sisters-in-law","ST-R/-Z/TPH/HRA-U",0
"situationally","SWA*-EULGS",4
"size of","SAO-EUFZ",19
"sizes of","SAO-EUFSZ",5
"skill set","SK*-EULS",22
"skill sets","SK*-EULSZ",0
"Skillsoft","SK-EUL/SO-FT",0
"smartest","SPHA*-RTS",0
"Smedley's Peas","SPH-ED/HRAO-E/*-Z/PAO-EZ",0
"snog","STPHO*-G",13
"snogs","STPHO*-GZ",0
"so he couldn't","SO*-EBGD",0
"so I have no idea","SO*-EUFPBD",0
"so I remember","SO-EURPL",3
"so on and so forth","SO*/-P",7
"so that he went","STHAO-EFRG",3
"so that I shouldn't be","STHAO*-EURBLG",11
"so that they have been","STHAO*-FBTD",7
"so that we kept up","#12W450*-E7G9",22
"so that we learn","STWHAO*-ERPBL",48
"so that we learned","STWHAO*-ERPBLD",57
"so that we might not","#12W450-E789D",61
"so that we start","STWHAO-EFRGSZ",60
"social network","STPH-ERBG",8
"social networks","STPH-ERBGS",2
"societal","SO-EULT",2
"socio","SO*-EUS",44
"sociologist","SO*-EUS/O*-LGS",0
"sociology","SO*-EUS/O-LG",2
"sociopath","SO*-EUPT",7
"sociopaths","SO*-EUPTS",0
"some sort of","SO*-FRT",19
"some sorts of","SO*-FRTS",9
"some type of","STAO-EUF",22
"some types of","STAO-EUFZ",15
"something along the lines","SHRAO-LTS",9
"something along the lines of","SHRAO-FLTS",13
"something along those lines","SHRO-ELTS",16
"sound about","SPWO-UPBD",17
"sounded about","SPWO-UPBTD",8
"sounding about","SPWO-UPBGD",5
"sounds about","SPWO-UPBDZ",9
"speak about","SPAO-EB",9
"speaking about","SPAO-EBDZ",12
"speaking up","SPAO-EPG",8
"speaks about","SPAO-EBZ",10
"speaks up","SPAO-EPZ",9
"specialist","SP*-LS",42
"specialists","SP*-LSZ",10
"spiders","SPAO*-EURDZ",8
"spoke about","SPO-EB",14
"spontaneity","SPAO-PBT/TPHA-EUT",2
"sporadic","SPO-RD/*-EUBG",9
"springtimes","SPR-EUPLTS",4
"stairways","STA-EUFRTSZ",0
"stands up","STA*-PDZ",0
"Stanley Cup","STA-PB/HR-EU/K-UP",0
"start up","STA-RPT",26
"start ups","STA-RPTS",12
"started up","STA-RPTD",13
"starting up","STA-RPGT",9
"startup","STA*-RPT",26
"startups","STA*-RPTS",6
"step-by-step solutions","ST-EP/PW-EU/ST-EP/SHRAO-UGSZ",0
"stereo","STAO*-R",22
"sterilization","ST*-ERLGS",4
"sterilizations","ST*-ERLGSZ",0
"stimulation","ST*-EUPGS",6
"stimulations","ST*-EUPGSZ",2
"stoically","STO*-EUBLG",0
"stoicism","STO-EUFPL",30
"streamed","STRA-EPLD",21
"streaming","STRA-EPLG",18
"streams","STRA-EPLZ",7
"strengthening","STRA*-EPBGDZ",14
"Stromsburg","STRO-PLZ/PW-URG",2
"subjectively","S*-UFPBLGD",0
"successor","SK*-ERS",31
"successors","SK*-ERSZ",11
"Sugarloaf Mountain","SHAO-UG/HRO-EF/PHO-EPBT",0
"Supermaxi","SPR/PHA-BGS/AO-E",1
"Supertramp","SPR/TRA-FRP",2
"supplementary","SPHR-ERPLT",1
"suppresses","SPR*-ESZ",3
"suppressive","SPR*-EFS/SPR*-EFS",6
"Supreme Court","SPRAO-ERBGT",117
"Supreme Court","SPRAO-EBGT",13
"Supreme Court Act of","SPRAO-EBGT/A-BGT/-F",3
"Supreme Court Act of","SPRAO-ERBGT/A-BGT/-F",0
"surroundings","SRO*-UPBGDZ",0
"syllabic","SHRA-B/*-EUBG",7
"syllogistic","S-EUL/SKWR-EUFBG",10
"symbiotic","S-EUPL/PWAO-EU/O-T/-EUBG",2
"symmetrically","SPH*-EBLGT",22
"symmetries","SPH-ERPLTS",29
"symmetry","SPH-ERPLT",39
"sympathizers","STHAO*-EURZ",0
"synergies","STPH-RGZ",3
"synergy","STPH-RG",11
"syntheses","STH-EUSZ",20
"Tagua","TA-G/WA",7
"Tartarus","TA-RT/R-US",0
"tasks","TA-FBGSZ",1
"technical","T-EBLG",54
"tell the jury about","T-EL/-T/SKWR-EUR/-R/PW",0
"temporary restraining order","TRA-ER/STRA*-EUPBG/O-RD",1
"Tensorflow","T-EPB/SO-R/TPHRO-E",3
"Thabo Meli","TA-B/O-E/PH-EL/AO-E",4
"that currently","THA*-RLG",2
"that goes","THA/-GZ",0
"that had a","#245-D",12
"that he is","#245-ES",30
"that he isn't","THA*-EPBTS",10
"that he should have been","THA-ERBLGS",1
"that he shouldn't have been","THA*-ERBLGS",0
"that hopes","THA-FRPGZ",65
"that I explain","THA*-EUPS",1
"that I say","#245-EUS",27
"that I should have been","THA-EURBLGS",0
"that I shouldn't have been","THA*-EURBLGS",0
"that noticed","THA-FBTD",44
"that notices","THA-FBTS",68
"that represented","THA-RPTD",69
"that testified","THA-FTD",1
"that this","THA-TSZ",3
"that we only","TWHA-ERPBL",1
"that went there","THA-FRGS",0
"that you must have","THA*-UFPLS",5
"that you should have been","THA-URBLGS",38
"that you shouldn't have been","THA*-URBLGS",1
"that you wouldn't have been","THA*-UFBLTD",43
"the abortion","TPWAO-RGS",5
"the abortions","TPWAO-RGSZ",0
"the accident happened","STK*-PD",5
"the accident occurred","STK*-URD",5
"the adjust","STKWRA-UFT",0
"the adjusted","STKWRA-UFTD",0
"the adjuster","STKWRA-UFRT",1
"the adjusters","STKWRA-UFRTS",3
"the adjusting","STKWRA-UFGT",0
"the adjustment","STKWRA-UFPLT",0
"the adjustments","STKWRA-UFPLTS",0
"the adjusts","STKWRA-UFTS",1
"the agriculturally","KPWR*-URLT",12
"the algebraist","TPWRA*-LGS",0
"the algebraists","TPWRA*-LGSZ",7
"the allergist","#5*-R8GS",4
"the allergists","#5*-R8GSZ",4
"the altruism","#2R50*-U678",1
"the altruistic","#2R50*-U6BG",2
"the altruistically","#2R50*-U6B8G",1
"the annihilation","#2345-E8GS",10
"the annihilations","#2345-E8GSZ",0
"the apportionment","#350-R789",0
"the apportionments","#350-R789S",0
"the apprentice","#3R5-E7B9",0
"the apprentices","#3R5-E7B9S",7
"the apprenticeship","#3R5*-E7S",3
"the apprenticeship","#3R5*-E7",0
"the apprenticeships","#3R5*-E7SZ",1
"the apprenticeships","#3R5*-E7Z",0
"the Argentinean","#5-ER7B8G9",0
"the Argentineans","#5-ER7B8G9S",0
"the asbestos","STPW-ES",15
"the assignment","#1*-7B9",13
"the assignments","#1*-7B9S",0
"the astronomical","#12R0-B8G",0
"the astronomically","#12R0*-B8G",0
"the asymmetries","#1345-ER789S",1
"the asymmetry","#1345-ER789",1
"the Atlanta","#24R5-7B9",4
"the Atlantis","#24R5-7B9S",0
"the bachelor's degree","TPW*-GD",0
"the bachelor's degree","#3W*-GD",0
"the bachelor's degrees","TPW*-GDZ",0
"the Barcelona","TPWA-RS",1
"the Barcelona","#3W5-RS",2
"the Bayes","TPWA*-EUZ",1
"the Bayes' theorem","TPWA*-EUZ/THAO-ERPL",0
"the believability of the witness","TPWHR-EUPBS",10
"the believability of the witness","#3W4R-EU7BS",5
"the believability of the witnesses","TPWHR-EUPBSZ",9
"the believability of the witnesses","#3W4R-EU7BSZ",1
"the bewildered","TPW*-EURLTD",1
"the bewildering","TPW*-EURLGD",2
"the bewilders","TPW*-EURLGDZ",0
"the bloodstream","TPWHRAO*-RPLS",5
"the bloodstream","#3W4R50*-R78S",0
"the bloodstreams","TPWHRAO*-RPLSZ",0
"the bloodstreams","#3W4R50*-R78SZ",0
"the bluriness","TPWHR-EURPBS",3
"the bluriness","#3W4R-EUR7BS",0
"the blurinesses","TPWHR-EURPBSZ",1
"the blurinesses","#3W4R-EUR7BSZ",0
"the Bolivia","TPWHRA*-EF",0
"the Bolivian","TPWHRA*-EFPB",7
"the Bolivians","TPWHRA*-EFPBZ",0
"the bona fide","TPWO-EFD",11
"the bona fide","#3W0-E6D",0
"The Boring Company","'-T/PWO-RG/K-P",3
"the Bulgarian","TPWA*-URLG",13
"the Bulgarian","#3W5*-UR8G",0
"the Bulgarians","TPWA*-URLGZ",0
"the Bulgarians","#3W5*-UR8GZ",0
"the bullet point","TPWHRO-EUPT",2
"the bullet points","TPWHRO-EUPTS",2
"the causalities","#K5-U689S",0
"the causality","#K5-U689",2
"the censorship","#KR*-EU7",0
"the censorships","#KR*-EU7Z",0
"the centiliter","#14R50-ER9",0
"the centiliters","#14R50-ER9S",0
"the Chapter","#K45*-R79",0
"the Chapters","#K45*-R79S",0
"the chronological","#KR0*-8G",1
"the chronological order","#KR0-ERD",0
"the chronological orders","#KR0-ERDZ",0
"the chronologically","#KR0*-8GD",0
"the chronologies","#KR0-8GZ",0
"the chronology","#KR0-8G",0
"the cliché","#K4R50-ERB",13
"the clichéed","#K4R50-ERBD",8
"the clichés","#K4R50-ERBZ",9
"the clockwise","#K4R0-EUZ",0
"the coastline","#1K4R50-EU7B",0
"the coastlines","#1K4R50-EU7BZ",0
"the commemoration","TKPH-ERPLGS",15
"the commemoration","#K34-ER78GS",2
"the commemorations","TKPH-ERPLGSZ",4
"the commemorations","#K34-ER78GSZ",2
"the common denominator","#K340*-R789",9
"the common denominators","#K340*-R789S",0
"The Communist Manifesto","#K3450*-U7BS/PHAO*-FS",2
"The Communist Manifesto","'-T/KPHAO*-UPBS/PHAO*-FS",2
"the conglomeration","KPWHRO-RPLGS",10
"the conglomerations","KPWHRO-RPLGSZ",3
"the constitutive","#12*-U69",0
"the counterclockwise","#K4R0*-EUZ",0
"the credibility of the witness","TKR-EUPBS",8
"the credibility of the witnesses","TKR-EUPBSZ",17
"the Croatian","#KR0*-ERB",0
"the Croatians","#KR0*-ERBZ",0
"the declaration","#2K4R5-RGS",0
"the dementia","#2K345-E7BGS",0
"the detrimental","#2KR*-EU789",0
"the detrimentally","#2KR*-EU789D",0
"the devastatingly","#2K5*-E68G9",1
"the devastation","#2K5*-E6GS",1
"the devastations","#2K5*-E6GSZ",0
"the dichotomous","#2K50-EUBG9/PH-US",0
"the disbursements","#12K3W-UR789S",0
"the dismissals","#2K34-EU68Z",0
"the download","#2K4R0-ED",11
"the downloaded","#2K4R0-E9D",0
"the downloading","#2K4R0-EGD",1
"the downloads","#2K4R0-EDZ",5
"the economic","TKPH-EUBG",8
"the enthusiast","#24*-UBGS",0
"the entropy","STPWRO-EUP",1
"the European","#50*-UR7",0
"the Europeans","#50*-UR7Z",0
"the extraversion","#12R5-6GS",0
"the extraversion","#12R5*-6RGS",0
"the extraversions","#12R5-6GSZ",0
"the extraversions","#12R5*-6RGSZ",0
"the extravert","#12R5*-6R9",2
"the extraverts","#12R5*-6R9S",0
"the fact is","#235*-BG9S",12
"the familiarization","#235*-78GS",1
"the familiarizations","#235*-78GSZ",1
"the feasibly","#2350*-E6B8",0
"the floppy","#234R0-EU7",0
"the fondest","#230*-7BDZ",0
"the foreclosed","#234R0-E6D",0
"the fracture","#23R5-RBG9",9
"the fractured","#23R5-RBG9D",17
"the fractures","#23R5-RBG9S",2
"the fracturing","#23R5*-RBG9",0
"the free market","#23R50-ERBG9",2
"the free markets","#23R50-ERBG9S",1
"the free speech","#23R50-E67",0
"the freedom of speech","#23R50*-E67",0
"the geologically","STKWRAO*-ELGD",0
"the geologically","#1KWR50*-E8GD",0
"the goodness","KPWAO*-PBS",0
"the greater weight of the evidence","#2K3WR*-6D",12
"the greater weight of the evidence","KPWR*-FD",23
"the heuristically","#450-U6RB8G",0
"the hierarchical","#450*-EURB8G",0
"the high-tech","#4*-EBG",0
"the House","#240*-US",6
"the humiliate","#450*-U89",2
"the humiliated","#450*-U89D",0
"the humiliates","#450*-U89S",0
"the humiliating","#450*-U8G9",9
"the humiliation","#450*-U8GS",3
"the humiliations","#450*-U8GSZ",3
"the hydrogen","#450-EU7B8G",1
"the hygiene","#450*-EU7B8G",1
"the hypocrisy","#4*-EU7S",0
"the illustrated","#*-EUR89D",4
"the illustration","#*-EUR8GS",48
"the illustrations","#*-EUR8GSZ",10
"the illustrator","#R*-EUR89",0
"the illustrators","#R*-EUR89S",0
"the incrementally","#KR*-E789D",18
"the indefinite","#2KW*-E7B9",0
"the indefinitely","#2KW*-E7B89",0
"the inferential","#12WR-E7B89",0
"the inferentially","#12WR*-E7B89",0
"the in-house counsel","#2340-U7B8S",0
"the innovation","STRA-EGS",11
"the innovations","STRA-EGSZ",0
"the innovative","STRA*-EFT",0
"the integer","STPW*-ERPBLG",0
"the integer","#13W*-ER7B8G",0
"the integers","STPW*-ERPBLGZ",0
"the integers","#13W*-ER7B8GZ",0
"the integrate","STPW-EGT",2
"the integrated","STPW-EGTD",12
"the integrates","STPW-EGTS",0
"the integrity","STPW-ERGT",12
"the integrity","#13W-ERG9",0
"the investigation","STR-EFGS",0
"the investigations","STR-EFGSZ",0
"the Jehovah's Witnesses","STKWR*-EFPBSZ",0
"the least common denominator","#1K340*-R789",1
"the least common denominators","#1K340*-R789S",0
"the leniency","THRAO*-EPBS",5
"the long run","THRO*-RPB",20
"the long run","#4R0*-R7B",0
"the long-held","'-T/HRO-PBG/H-ELD",1
"the Lord Jesus","STKWHRAO-ESZ",27
"the Lord Jesus","#1KW4R50-ESZ",0
"the Lord Jesus Christ","STKWHR*-BG",16
"the magnesium","#345-78S",0
"the master's degrees","#34*-GDZ",0
"the medieval","#3450*-E68D",0
"the menu","#3450*-U7B",1
"the menus","#3450*-U7BZ",1
"the minimum wages","#345-E7B8GZ",1
"the modular","#340-UR8D",8
"the monomer","#340*-R78",0
"the monomers","#340*-R78Z",0
"the nature of","#2345-EU69",11
"the nature of the","#2345-EU69D",7
"the NDA","#2K45*",1
"the NDA","#2K345*",42
"the NDAs","#2K45*-Z",10
"the NDAs","#2K345*-Z",7
"the Nisan","#23450-EU67B",1
"the nondiclosure agreement","#2K345*/#2K345*",9
"the nondiclosure agreements","#2K345*/#2K345*-Z",7
"the nondisclosure agreements","#2K345*-Z/#2K345*-Z",13
"the only","TW",144
"the others","O-ERTS",19
"the oxide","#K350-EUD",0
"the oxides","#K350-EUDZ",0
"the paradox","#3R50*-BGS",2
"the paradoxes","#3R50*-BGSZ",0
"the paradoxical","#3R50*-B8GS",5
"the paradoxically","#3R50*-EB8GS",2
"the parental","#3R-E7B89",0
"the parentally","#3R*-E7B89",0
"the percentile","#3-ER8S",0
"the percentiles","#3-ER8SZ",0
"the periodic","#3*-ERBGD",0
"the perplex","#34R-E6",0
"the perplexed","#34R-E6D",0
"the perplexes","#34R-E6Z",0
"the perplexing","#34R-E6G",0
"the perplexity","#34R-E69",9
"the philosophically","#235*-EU68S",9
"the Platonic","#34R5*-E7BG9",0
"the Platonism","#34R5-E678",0
"the policewoman","#34R5*-78",1
"the policewomen","#34R*-E78",4
"the polymer","#30*-R78",0
"the polymers","#30*-R78Z",0
"the prefrontal","TPR-EPBLGTS",11
"the prerequisite","#3R-E6BG9",0
"the prerequisites","#3R-E6BG9S",0
"the prestigious","#3R-E67B8GS",0
"the pretty good","#3R*-EG",0
"the professional","#3R0-E68GS",0
"the professionally","#3R0*-E68GS",0
"the professionals","#3R0-E68GSZ",0
"the profound","#3R0-U67BD",1
"the profuse","#3R0-U6S",0
"the promissory","#3R0-R78S",11
"the promissory note","#3R0*-R78S",0
"the promissory notes","#3R0*-R78SZ",0
"the proprietorship","#3R*-EU7",0
"the psychologically","#1K50*-8G",0
"the pundit","#3-U7B/TK-EUT",1
"the pundits","#3-U7B/TK-EUTS",2
"the reassurance","#145*-UR7BS",1
"the reassurances","#145*-UR7BSZ",2
"the reciprocal","#13R0-EB8G",2
"the reciprocal","#13R0-B8G",1
"the reciprocally","#13R0*-EB8G",1
"the reciprocally","#13R0*-B8G",0
"the reciprocate","#13R0-EBG9",0
"the reciprocated","#13R0-EBG9D",0
"the reciprocates","#13R0-EBG9S",0
"the reciprocating","#13R0*-EBG9",0
"the reciprocation","#13R0-EBGZ",0
"the reciprocations","#13R0-EBGSZ",0
"the reciprocity","#13R0-69",2
"the reciprocity","#13R0-E69",0
"the relinquish","#KW*-EURB",0
"the relinquished","#KW*-EURBD",0
"the relinquishes","#KW*-EURBZ",3
"the relinquishing","#KW*-EURBDZ",1
"the remortgage","#340*-R7B8G",2
"the remortgaged","#340*-R7B8GD",1
"the remortgages","#340*-R7B8GZ",1
"the remortgaging","#R0*-R7B8GDZ",0
"the residual","#12K50-U8",12
"the residually","#12K50*-U8",1
"the residuals","#12K50-U8Z",1
"the residue","#12K50-U",1
"the resurrect","#R-URBG9",1
"the resurrected","#R-URBG9D",3
"the resurrecting","#R*-URBG9",0
"the resurrection","#R-URBGZ",5
"the resurrections","#R-URBGSZ",4
"the resurrects","#R-URBG9S",0
"the retina","#R5*-E7B9",0
"the retinal","#R5*-E7B89",0
"the retinas","#R5*-E7B9Z",0
"the Samsung","#134-U7BG",0
"the self-control","#1KR0-E8",0
"the sequentially","#1KW*-E7B9D",9
"the sideline","#12K4R50-EU7B",0
"the sidelines","#12K4R50-EU7BZ",0
"the simulated","#13450-U89D",0
"the simulating","#13450-U8G9",4
"the simulation","#13450-U8GS",2
"the simulations","#13450-U8GSZ",5
"the simulator","#13450-UR89",1
"the simulators","#13450-UR89S",11
"the social network","#1234-ERBG",1
"the social networks","#1234-ERBGS",1
"the sociopath","#10*-EU79",0
"the sociopaths","#10*-EU79S",0
"the startup","#125*-R79",2
"the startups","#125*-R79S",4
"the sterilization","#12*-ER8GS",0
"the sterilizations","#12*-ER8GSZ",0
"the stimulation","#12*-EU7GS",1
"the stimulations","#12*-EU7GSZ",2
"the stoicism","#120-EU678",0
"the streaming","#12R5-E78G",18
"the successor","#1K*-ERS",1
"the successors","#1K*-ERSZ",1
"the symmetrically","#134*-EB8G9",0
"the symmetries","#134-ER789Z",1
"the symmetries","#134-ER789S",2
"the symmetry","#134-ER789",6
"the synergies","#1234-RGZ",0
"the synergy","#1234-RG",0
"the syntheses","#124-EUSZ",0
"the thing is","#24-EU7BGS",12
"the third degree","#24R-RGD",1
"the third-degree","#24R*-RGD",1
"the thot","#240-9",15
"the timeline","#24R50*-EU7B",0
"the timelines","#24R50*-EU7BZ",0
"the tortious","#20-RBS",0
"the Ugandan","KPWA*-UPBD",8
"the Ugandans","KPWA*-UPBDZ",1
"the universal","TKWRAO-UFRLS",7
"the universally","TKWRAO*-UFRLS",1
"the unluckily","#4R5*-UB8G",0
"the victorious","STRO*-EURBGTS",0
"the viewpoint","STRO-EUPT",4
"the viewpoints","STRO-EUPTS",3
"the viscosities","STR*-EUFBGSZ",0
"the viscosity","STR*-EUFBGS",12
"the viscously","STR-EUFBLGS",0
"the Wall Street's","TWA*-ULSZ",0
"the Watchtower study","'-T/WA-FP/TO-UR/ST-EUD",0
"the way, the truth, the life","TWA-EU/TRAO*-UTD/THRAO-EUF",0
"the way, the truth, the life","'-T/WA-EU/-T/TRAO*-UT/-T/HRAO-EUF",0
"the weaknesses","TWAO*-EPBSZ",1
"the weirdest","TWAO*-ERDZ",13
"the weirdest","#W50*-ERDZ",0
"the whole day","TWHO*-ELD",6
"the workers' compensation","TWO-FRPD",0
"the yoga","TKWRO*-EUG",0
"the yoga","TKWRO*-EG",0
"the Zambian","#12K3W4R5*-78",2
"the Zambians","#12K3W4R5*-78Z",0
"theologian","THAO-E/HRO-EPBLG",7
"theoretic","THAO-RBGT",0
"theoretical","THAO-RBLGT",15
"theoretically","THAO*-RBLGT",3
"Thessalonian","THO-EPBLS",4
"think of the","#24-EU69",54
"third degree","THR-RGD",24
"third-degree","THR*-RGD",16
"this currently","TH*-RLG",49
"this is a","THA-EUS",160
"this, that, or the other","TH/W-B/THA/O-R/-T/O-ER",0
"Thomas","TA-UPLS",90
"thot","THO-T",8
"Thotiana","THO-T/KWRA-PB/A",0
"three ways","THRAO-EFRTSZ",5
"through anybody","THRAO-UFRPBTS",35
"Tiger Woods","T-RG/WAO-DZ",2
"time line","THRAO*-EUPB",11
"time lines","THRAO*-EUPBZ",0
"time period","TAO-EURPLD",95
"tistic","T-EUFBG",12
"to look at that","TO-BLGTS",3
"to review","#20*-6R7",41
"to review the","#20*-6R79",20
"to the extent","TO-PBTS",11
"Tolkien","TO-L/K-EUPB",3
"too far afield","TAO-FRLD",7
"too far gone","TAO-FRG",6
"too vague","TAO*-FG",6
"torium","TO-ERPL",14
"tortious","TO-RBS",11
"Tour de France","TAO-UR/TKAO-E/TPRA-PBS",0
"trademarking","TRA*-EURBG",4
"transitional","TR-EULGS",35
"transitionally","TR*-EULGS",10
"trickiest","TRA-EBG/*-S",0
"tries to read","STRAO-RD",1
"try to notice","TRAO-FBT",12
"try to read","TRAO-RD",3
"trying to read","TKPWRAO-RD",7
"tsk","T*-EUFBG",7
"tsunamis","SAO-U/TPHA-PL/AO-EZ",0
"twang","TWA-PBG",0
"two of the","TWO-FT",15
"two ways","TWO-FRTSZ",14
"two-parent households","TWO/PA-EURPBT/HO-UFLDZ",1
"two-step process","TWO/ST-EP/PRO-SZ",1
"two-tiered","TWO/TAO-ERD",1
"Ugandan","TKPWA*-UPBD",3
"Ugandans","TKPWA*-UPBDZ",7
"ultra vires","A-URLT/SRAO-ER/-US",2
"unconscionability","SH-EPBL/A*-BLT",0
"under the impression","*-UTD",5
"underwritings","WR-URGTS",0
"underwrote","WR-URTD",2
"underwrote","WR-UTD",28
"unfamiliar with","TPWA*-PL",25
"Uniform Commercial Code","AO-UFRPL/KPH-ERBL/KO-ED",0
"unintelligibility","T*-EBL/T-EU",16
"unintelligible","T*-EBL",26
"United Nations","AO-UPBTD/TPHA-EUGSZ",0
"United States","AO-UPBTD/STA-EUTS",12
"United States of America","AO-UPBTD/STA-EUTS/-F/PH-ERBG",2
"universal","KWRAO-UFRLS",101
"Universal Studios","KWRAO-UFRLS/STAO*-UDZ",2
"universally","KWRAO*-UFRLS",32
"unjust","SKWR*-UPBS",15
"unluckily","HRA*-UBLG",11
"vague and ambiguous","SRA-PLS",8
"Valparaíso","SRA-L/PA-R",22
"varsity","SRA*-RS/T-EU",1
"venomous","SR-EPLS",10
"vice-president","SR-PT",77
"victorious","SRO*-EURBGTS",26
"Vienna","SRAO*-EPB",11
"viewpoint","SRO-EUPT",19
"viewpoints","SRO-EUPTS",5
"virtuously","SR*-EURLTS",3
"viscosities","SR*-EUFBGSZ",1
"viscosity","SR*-EUFBGS",12
"viscous","SR-EUFBGS",17
"viscously","SR-EUFBLGS",0
"visionaries","SR*-EURGSZ",0
"visionary","SR*-EURGS",4
"vitamin","SR-EUT/PH-EUPB",4
"Vladimir","SHRA*-RPLD",27
"Vladimir","SHRA*-PLD",9
"walked","WAO-UBGD",0
"Wall Street's","WA*-ULSZ",8
"Walsh Healey","WA-L/-RB/HAO-EL/AO-E",1
"Walsh-Healey Act","WA-L/-RB/HAO-EL/AO-E/A-BGT",1
"warlocks","WA-R/HRO-BGZ",0
"we currently","W*-ERLG",53
"we shouldn't say","W*-ERBDZ",0
"weaknesses","WAO*-EPBSZ",8
"week and a half","WA-F",8
"weeks and a half","WA-FZ",6
"weirdest","WAO*-ERDZ",18
"Westell","W*-L",11
"what currently","WHA*-RLG",79
"what gave","WHA*-FPG",22
"what he could have been","WHA*-EFRBGD",0
"what he won't be","WHA-ERPBGS",88
"what he would not","WHA-EPBLD",56
"what I need to have","WHA*-EUFRBT",4
"what I recommend","WHA*-EURPLD",0
"what I would not","WHA-EUPBLD",9
"what indicated","WHA-PBGTD",43
"what is it like","STWHA-L",19
"what it says","TWHA-SZ",20
"what question","WHA*-FP",2
"what should have been","WHA-RBLGS",40
"what sort of","SWHAO-FRT",33
"what sorts of","SWHAO-FRTS",12
"what used to","WHA-FRZ",52
"what you agree","WHA-URG",0
"what you could have been","WHA*-UFRBGD",1
"what you stopped","#W45*-U7SZ",25
"what, if anything,","WHA*-FRPBG",1
"what, if anything,","WHA-FG",42
"what's your understanding","WHA*-URPBGD",8
"when anyone else","WH-FRPBLS",26
"when did you see the license plate","WH/TK-U/SAO-ET/HR-EUPT",0
"when he figures out","WH-EFGTS",9
"when I gave","WH*-EUFPG",16
"when I review","WH*-EUFRP",0
"when I would not","WH-EUPBLD",31
"when what is","WH-FBS",4
"where it stayed","TWR-FRPLTD",0
"where what is","WR-FBS",50
"where you felt","WR-UFLT",0
"where you won't have","WR*-URPGS",44
"whether or not I called","WHRAO*-EUBLGD",1
"whether or not you still","WHRAO-UFPLD",27
"which currently","KH*-RLG",1
"which hears","KH-FRPLZ",0
"which hoped","KH-FRPGD",40
"which I am sorry","KH-EUPLS",0
"which I am sure","KH-EUPLZ",6
"which I went to the","KH-EUFRGTD",4
"which receive","KH-FBS",15
"which should say","KH-RBDZ",3
"which talked","KH-RBGTD",29
"whispered","WH*-EURPS",27
"who can't have time","TPWRA*-FPLT",0
"who couldn't have time","TPWR*-UFPLT",0
"who doesn't go to","TPWRAO-GT",1
"who he gave","WHO*-EFPG",1
"who I gave","WHO*-EUFPG",39
"who it shouldn't say","TWHO*-RBDZ",1
"who makes","WHO*-PBGDZ",0
"who you gave","WHO*-UFPZ",0
"who you gave","WHO*-UFPG",0
"whole day","WHO*-ELD",6
"why I still","KWR-EUFPLD",2
"will be","*-BL",7
"will he wish","HR*-EFRPG",1
"will notice","HR-FBT",2
"winds up","WAO*-EUPDZ",0
"with an","WA-PB",24
"withstanding","STWA-PBGD",36
"worked with","WO-FRBLGD",11
"workers' compensation","WO-FRPD",31
"working with","WO-FRBLGDZ",13
"works with","WO-FRBLGZ",10
"wryly","WRAO-EUL",0
"yachtsman","KWRA-UTS/PHA-PB",0
"year and a half","KWRA-F",29
"years and a half","KWRA-FZ",10
"yes, I believe","KWRAO-EUBL",1
"yes, I believe so","KWRAO-EUBLS",1
"yes, I could","KWRAO-EUBGD",3
"yes, I feel","KWRAO-EUFL",1
"yes, I get","KWRAO*-EUGT",1
"yes, I go","KWRAO-EUG",1
"yes, I go to","KWRAO-EUGT",1
"yes, I go to the","KWRAO-EUGTD",0
"yes, I had","KWRAO-EUD",2
"yes, I heard","KWRAO-EUFRPLD",0
"yes, I recall","KWRAO-EURL",4
"yes, I remember","KWRAO-EURPL",0
"yes, I said","KWRAO-EUSD",1
"yes, I shall","KWRAO-EURBL",2
"yes, I should","KWRAO-EURBD",2
"yes, I think","KWRAO*-EUPBG",0
"yes, I think so","KWRAO*-EUPBGS",1
"yes, I understand","KWRAO-EUPBD",1
"yes, I will","KWRAO-EUL",0
"yes, I would","KWRAO-EULD",0
"yesterday","KWR*-ERS/TKA-EU",0
"yoga","KWRO*-EG",1
"you didn't stay","TKWR-EURPLT",0
"you don't have anything else","TKWRO*-FLGSZ",0
"your grandchildren","STKPW*-RPB",20
"your Honor","*-RBG/HO-ERPB",6
"your signature","SKWR*-EUGT",70
"your time","TAO*-EUPLS",9
"your understanding is","KWRAO-URPBGDZ",18
"YouTube Rewind","TAO*-UB/R-E/WAO-EUPBD",0
"yttrium","'-EUT/RAO-E/KWR-UPL",1
"yucca","KWRAO-UBG/A",0
"Zambian","STKPWHRA*-PL",19
"Zambians","STKPWHRA*-PLZ",0
"zenith","STKPWHR-EPB/*-EUT",2
"zenith","STKPWHR*-EPBT",9
"zero-sum fallacy","STKPWHRAO-ER/S-UPL/TPA-ELS",1
"Zinfandel","STKPWHR-EUPB/TPA-PBLGDZ",1
"zodiac","STKPWHRO-ED",0
"zoologist","STKAO*-LGS",1
"zoologists","STKAO*-LGSZ",0
"Zulu","STKPWHRAO-UL",0
"zwieback","STKPWHR*/WAO-E/PWA-BG",0
"Zyklon","STKPWHRAO-EUBG/HRO-PB",0
